{
  "source": "data/inputs/1.webp",
  "image_width": 1140,
  "image_height": 855,
  "room_count": 7,
  "rooms": [
    {
      "index": 1,
      "area": 205918,
      "relative_area": 0.5160296008199617,
      "area_percent": 51.6,
      "center": [
        424,
        393
      ],
      "polygon": [
        [
          585,
          56
        ],
        [
          528,
          56
        ],
        [
          520,
          90
        ],
        [
          468,
          52
        ],
        [
          282,
          87
        ],
        [
          253,
          379
        ],
        [
          347,
          382
        ],
        [
          346,
          446
        ],
        [
          243,
          467
        ],
        [
          229,
          700
        ],
        [
          440,
          717
        ],
        [
          599,
          664
        ],
        [
          582,
          165
        ],
        [
          619,
          95
        ]
      ]
    },
    {
      "index": 2,
      "area": 12107,
      "relative_area": 0.03034008866212413,
      "area_percent": 3.03,
      "center": [
        790,
        110
      ],
      "polygon": [
        [
          864,
          162
        ],
        [
          854,
          56
        ],
        [
          810,
          58
        ],
        [
          776,
          118
        ],
        [
          766,
          112
        ],
        [
          763,
          72
        ],
        [
          669,
          72
        ],
        [
          669,
          107
        ],
        [
          688,
          96
        ],
        [
          753,
          103
        ],
        [
          724,
          116
        ],
        [
          758,
          158
        ],
        [
          773,
          144
        ],
        [
          783,
          165
        ]
      ]
    },
    {
      "index": 3,
      "area": 83475,
      "relative_area": 0.20918798224752722,
      "area_percent": 20.92,
      "center": [
        724,
        268
      ],
      "polygon": [
        [
          650,
          65
        ],
        [
          586,
          143
        ],
        [
          588,
          412
        ],
        [
          887,
          412
        ],
        [
          866,
          166
        ],
        [
          758,
          159
        ],
        [
          723,
          116
        ],
        [
          743,
          99
        ],
        [
          668,
          107
        ],
        [
          669,
          71
        ],
        [
          757,
          65
        ]
      ]
    },
    {
      "index": 4,
      "area": 7726,
      "relative_area": 0.01936132196279599,
      "area_percent": 1.94,
      "center": [
        294,
        424
      ],
      "polygon": [
        [
          251,
          383
        ],
        [
          244,
          463
        ],
        [
          340,
          464
        ],
        [
          345,
          385
        ]
      ]
    },
    {
      "index": 5,
      "area": 45386,
      "relative_area": 0.11373711605014998,
      "area_percent": 11.37,
      "center": [
        828,
        564
      ],
      "polygon": [
        [
          891,
          415
        ],
        [
          745,
          416
        ],
        [
          760,
          711
        ],
        [
          916,
          707
        ]
      ]
    },
    {
      "index": 6,
      "area": 8262,
      "relative_area": 0.020704535601426412,
      "area_percent": 2.07,
      "center": [
        627,
        467
      ],
      "polygon": [
        [
          588,
          416
        ],
        [
          588,
          517
        ],
        [
          669,
          517
        ],
        [
          667,
          416
        ]
      ]
    },
    {
      "index": 7,
      "area": 36169,
      "relative_area": 0.09063935465601451,
      "area_percent": 9.06,
      "center": [
        682,
        586
      ],
      "polygon": [
        [
          741,
          416
        ],
        [
          671,
          416
        ],
        [
          671,
          521
        ],
        [
          589,
          521
        ],
        [
          619,
          603
        ],
        [
          602,
          624
        ],
        [
          586,
          711
        ],
        [
          756,
          711
        ]
      ]
    }
  ]
}