{
  "source": "data/inputs/2.webp",
  "image_width": 659,
  "image_height": 651,
  "room_count": 11,
  "rooms": [
    {
      "index": 1,
      "area": 124736,
      "relative_area": 0.44662780538806374,
      "area_percent": 44.66,
      "center": [
        224,
        292
      ],
      "polygon": [
        [
          89,
          23
        ],
        [
          87,
          205
        ],
        [
          46,
          205
        ],
        [
          109,
          246
        ],
        [
          124,
          532
        ],
        [
          370,
          547
        ],
        [
          370,
          367
        ],
        [
          345,
          360
        ],
        [
          345,
          229
        ],
        [
          316,
          199
        ],
        [
          320,
          145
        ],
        [
          349,
          142
        ],
        [
          340,
          65
        ],
        [
          319,
          49
        ],
        [
          252,
          82
        ],
        [
          238,
          25
        ]
      ]
    },
    {
      "index": 2,
      "area": 2835,
      "relative_area": 0.010150957448332163,
      "area_percent": 1.02,
      "center": [
        273,
        53
      ],
      "polygon": [
        [
          242,
          25
        ],
        [
          245,
          69
        ],
        [
          248,
          75
        ],
        [
          257,
          80
        ],
        [
          263,
          75
        ],
        [
          298,
          75
        ],
        [
          320,
          47
        ],
        [
          252,
          25
        ]
      ]
    },
    {
      "index": 3,
      "area": 3336,
      "relative_area": 0.011944830351899858,
      "area_percent": 1.19,
      "center": [
        369,
        53
      ],
      "polygon": [
        [
          324,
          47
        ],
        [
          341,
          65
        ],
        [
          346,
          77
        ],
        [
          403,
          75
        ],
        [
          419,
          59
        ],
        [
          406,
          46
        ],
        [
          360,
          25
        ],
        [
          346,
          25
        ]
      ]
    },
    {
      "index": 4,
      "area": 26643,
      "relative_area": 0.09539751650649518,
      "area_percent": 9.54,
      "center": [
        548,
        122
      ],
      "polygon": [
        [
          504,
          30
        ],
        [
          454,
          78
        ],
        [
          445,
          111
        ],
        [
          489,
          153
        ],
        [
          489,
          181
        ],
        [
          508,
          198
        ],
        [
          505,
          212
        ],
        [
          584,
          210
        ],
        [
          611,
          235
        ],
        [
          632,
          212
        ],
        [
          616,
          40
        ]
      ]
    },
    {
      "index": 5,
      "area": 6006,
      "relative_area": 0.021504991334985176,
      "area_percent": 2.15,
      "center": [
        67,
        125
      ],
      "polygon": [
        [
          52,
          41
        ],
        [
          49,
          193
        ],
        [
          64,
          208
        ],
        [
          81,
          209
        ],
        [
          87,
          175
        ],
        [
          86,
          60
        ],
        [
          69,
          41
        ]
      ]
    },
    {
      "index": 6,
      "area": 15008,
      "relative_area": 0.05373741424499792,
      "area_percent": 5.37,
      "center": [
        395,
        142
      ],
      "polygon": [
        [
          424,
          61
        ],
        [
          404,
          79
        ],
        [
          348,
          81
        ],
        [
          350,
          142
        ],
        [
          323,
          144
        ],
        [
          325,
          213
        ],
        [
          420,
          209
        ],
        [
          409,
          169
        ],
        [
          426,
          139
        ],
        [
          472,
          184
        ],
        [
          488,
          180
        ],
        [
          488,
          153
        ],
        [
          444,
          111
        ],
        [
          450,
          78
        ]
      ]
    },
    {
      "index": 7,
      "area": 62946,
      "relative_area": 0.22538348061471478,
      "area_percent": 22.54,
      "center": [
        474,
        324
      ],
      "polygon": [
        [
          426,
          140
        ],
        [
          410,
          169
        ],
        [
          419,
          212
        ],
        [
          342,
          219
        ],
        [
          348,
          350
        ],
        [
          374,
          365
        ],
        [
          374,
          449
        ],
        [
          422,
          452
        ],
        [
          454,
          508
        ],
        [
          490,
          455
        ],
        [
          598,
          440
        ],
        [
          619,
          419
        ],
        [
          589,
          372
        ],
        [
          589,
          282
        ],
        [
          609,
          240
        ],
        [
          584,
          214
        ],
        [
          507,
          215
        ]
      ]
    },
    {
      "index": 8,
      "area": 4213,
      "relative_area": 0.015085003079302788,
      "area_percent": 1.51,
      "center": [
        611,
        327
      ],
      "polygon": [
        [
          611,
          264
        ],
        [
          593,
          284
        ],
        [
          593,
          370
        ],
        [
          602,
          383
        ],
        [
          613,
          389
        ],
        [
          631,
          370
        ],
        [
          631,
          285
        ]
      ]
    },
    {
      "index": 9,
      "area": 3594,
      "relative_area": 0.012868621188467653,
      "area_percent": 1.29,
      "center": [
        601,
        465
      ],
      "polygon": [
        [
          617,
          422
        ],
        [
          598,
          441
        ],
        [
          561,
          440
        ],
        [
          563,
          471
        ],
        [
          577,
          473
        ],
        [
          591,
          481
        ],
        [
          612,
          509
        ],
        [
          635,
          487
        ]
      ]
    },
    {
      "index": 10,
      "area": 23142,
      "relative_area": 0.08286188968934848,
      "area_percent": 8.29,
      "center": [
        468,
        524
      ],
      "polygon": [
        [
          558,
          453
        ],
        [
          490,
          456
        ],
        [
          454,
          509
        ],
        [
          429,
          484
        ],
        [
          436,
          472
        ],
        [
          422,
          453
        ],
        [
          375,
          453
        ],
        [
          375,
          547
        ],
        [
          362,
          551
        ],
        [
          363,
          579
        ],
        [
          528,
          582
        ],
        [
          563,
          614
        ],
        [
          573,
          605
        ],
        [
          558,
          578
        ]
      ]
    },
    {
      "index": 11,
      "area": 6825,
      "relative_area": 0.024437490153392246,
      "area_percent": 2.44,
      "center": [
        590,
        549
      ],