{
  "source": "data/inputs/3.webp",
  "image_width": 1140,
  "image_height": 855,
  "room_count": 10,
  "rooms": [
    {
      "index": 1,
      "area": 6842,
      "relative_area": 0.018355416886876225,
      "area_percent": 1.84,
      "center": [
        373,
        107
      ],
      "polygon": [
        [
          341,
          56
        ],
        [
          336,
          146
        ],
        [
          416,
          165
        ],
        [
          406,
          153
        ],
        [
          404,
          56
        ]
      ]
    },
    {
      "index": 2,
      "area": 11648,
      "relative_area": 0.031248742458102056,
      "area_percent": 3.12,
      "center": [
        499,
        127
      ],
      "polygon": [
        [
          408,
          55
        ],
        [
          407,
          153
        ],
        [
          418,
          166
        ],
        [
          500,
          153
        ],
        [
          532,
          185
        ],
        [
          528,
          198
        ],
        [
          543,
          181
        ],
        [
          529,
          179
        ],
        [
          527,
          156
        ],
        [
          544,
          155
        ],
        [
          525,
          152
        ],
        [
          597,
          146
        ],
        [
          593,
          62
        ],
        [
          578,
          106
        ],
        [
          439,
          107
        ]
      ]
    },
    {
      "index": 3,
      "area": 88923,
      "relative_area": 0.23855871614026522,
      "area_percent": 23.86,
      "center": [
        735,
        326
      ],
      "polygon": [
        [
          875,
          150
        ],
        [
          608,
          150
        ],
        [
          610,
          452
        ],
        [
          636,
          470
        ],
        [
          638,
          573
        ],
        [
          724,
          574
        ],
        [
          721,
          433
        ],
        [
          897,
          428
        ]
      ]
    },
    {
      "index": 4,
      "area": 160902,
      "relative_area": 0.4316608137872199,
      "area_percent": 43.17,
      "center": [
        447,
        438
      ],
      "polygon": [
        [
          331,
          147
        ],
        [
          331,
          382
        ],
        [
          242,
          388
        ],
        [
          234,
          487
        ],
        [
          317,
          504
        ],
        [
          302,
          738
        ],
        [
          584,
          721
        ],
        [
          565,
          551
        ],
        [
          607,
          466
        ],
        [
          607,
          147
        ],
        [
          525,
          153
        ],
        [
          528,
          199
        ],
        [
          500,
          154
        ]
      ]
    },
    {
      "index": 5,
      "area": 26106,
      "relative_area": 0.07003602941373732,
      "area_percent": 7.0,
      "center": [
        816,
        508
      ],
      "polygon": [
        [
          901,
          433
        ],
        [
          723,
          436
        ],
        [
          728,
          574
        ],
        [
          906,
          585
        ],
        [
          914,
          576
        ]
      ]
    },
    {
      "index": 6,
      "area": 2723,
      "relative_area": 0.00730514472127506,
      "area_percent": 0.73,
      "center": [
        615,
        510
      ],
      "polygon": [
        [
          602,
          470
        ],
        [
          602,
          513
        ],
        [
          590,
          526
        ],
        [
          590,
          536
        ],
        [
          601,
          547
        ],
        [
          633,
          547
        ],
        [
          632,
          470
        ]
      ]
    },
    {
      "index": 7,
      "area": 4731,
      "relative_area": 0.012692118867555016,
      "area_percent": 1.27,
      "center": [
        272,
        530
      ],
      "polygon": [
        [
          231,
          501
        ],
        [
          229,
          557
        ],
        [
          317,
          558
        ],
        [
          316,
          505
        ],
        [
          252,
          505
        ]
      ]
    },
    {
      "index": 8,
      "area": 10431,
      "relative_area": 0.027983828346536965,
      "area_percent": 2.8,
      "center": [
        602,
        627
      ],
      "polygon": [
        [
          588,
          540
        ],
        [
          569,
          552
        ],
        [
          569,
          687
        ],
        [
          595,
          713
        ],
        [
          611,
          713
        ],
        [
          646,
          684
        ],
        [
          635,
          669
        ],
        [
          633,
          551
        ],
        [
          601,
          551
        ]
      ]
    },
    {
      "index": 9,
      "area": 15776,
      "relative_area": 0.04232315942814372,
      "area_percent": 4.23,
      "center": [
        264,
        648
      ],
      "polygon": [
        [
          226,
          560
        ],
        [
          211,
          735
        ],
        [
          301,
          735
        ],
        [
          316,
          562
        ]
      ]
    },
    {
      "index": 10,
      "area": 44669,
      "relative_area": 0.11983602995028853,
      "area_percent": 11.98,
      "center": [
        776,
        660
      ],
      "polygon": [
        [
          638,
          577
        ],
        [
          650,
          686
        ],
        [
          616,
          715
        ],
        [
          633,
          738
        ],
        [
          931,
          738
        ],
        [
          910,
          586
        ]
      ]
    }
  ]
}